System_Snapshot_Dummy,System_Snapshot_Dummy
BeaconRally,BeaconRally
BeaconAttack,BeaconAttack
BeaconDefend,BeaconDefend
BeaconHarass,BeaconHarass
BeaconIdle,BeaconIdle
BeaconAuto,BeaconAuto
BeaconDetect,BeaconDetect
BeaconScout,BeaconScout
BeaconClaim,BeaconClaim
BeaconExpand,BeaconExpand
BeaconCustom1,BeaconCustom1
BeaconCustom2,BeaconCustom2
BeaconCustom3,BeaconCustom3
BeaconCustom4,BeaconCustom4
DESTRUCTIBLE,DESTRUCTIBLE
ITEM,ITEM
POWERUP,POWERUP
SMCAMERA,SMCAMERA
SMCHARACTER,SMCHARACTER
STARMAP,STARMAP
SMSET,SMSET
MISSILE,MISSILE
MISSILE_INVULNERABLE,MISSILE_INVULNERABLE
MISSILE_HALFLIFE,MISSILE_HALFLIFE
PLACEHOLDER,PLACEHOLDER
PLACEHOLDER_AIR,PLACEHOLDER_AIR
PATHINGBLOCKER,PATHINGBLOCKER
BEACON,BEACON
Ball,Ball
StereoscopicOptionsUnit,StereoscopicOptionsUnit
Colossus,Colossus
TechLab,TechLab
Reactor,Reactor
InfestorTerran,InfestedTerran
BanelingCocoon,BanelingCocoon
Baneling,Baneling
Mothership,Mothership
PointDefenseDrone,PointDefenseDrone
Changeling,Changeling
ChangelingZealot,ChangelingZealot
ChangelingMarineShield,ChangelingMarineShield
ChangelingMarine,ChangelingMarine
ChangelingZerglingWings,ChangelingZerglingWings
ChangelingZergling,ChangelingZergling
CommandCenter,CommandCenter
SupplyDepot,SupplyDepot
Refinery,Refinery
Barracks,Barracks
EngineeringBay,EngineeringBay
MissileTurret,MissileTurret
Bunker,Bunker
SensorTower,SensorTower
GhostAcademy,GhostAcademy
Factory,Factory
Starport,Starport
Armory,Armory
FusionCore,FusionCore
AutoTurret,AutoTurret
SiegeTankSieged,SiegeTankSieged
SiegeTank,SiegeTank
VikingFighter,Viking
VikingAssault,VikingAssault
CommandCenterFlying,CommandCenterFlying
BarracksTechLab,BarracksTechLab
BarracksReactor,BarracksReactor
FactoryTechLab,FactoryTechLab
FactoryReactor,FactoryReactor
StarportTechLab,StarportTechLab
StarportReactor,StarportReactor
FactoryFlying,FactoryFlying
StarportFlying,StarportFlying
SCV,SCV
BarracksFlying,BarracksFlying
SupplyDepotLowered,SupplyDepotLowered
Marine,Marine
Reaper,Reaper
Ghost,Ghost
Marauder,Marauder
Thor,Thor
Hellion,Hellion
Medivac,Medivac
Banshee,Banshee
Raven,Raven
Battlecruiser,Battlecruiser
Nuke,Nuke
Nexus,Nexus
Pylon,Pylon
Assimilator,Assimilator
Gateway,Gateway
Forge,Forge
FleetBeacon,FleetBeacon
TwilightCouncil,TwilightCouncil
PhotonCannon,PhotonCannon
Stargate,Stargate
TemplarArchive,TemplarArchive
DarkShrine,DarkShrine
RoboticsBay,RoboticsBay
RoboticsFacility,RoboticsFacility
CyberneticsCore,CyberneticsCore
Zealot,Zealot
Stalker,Stalker
HighTemplar,HighTemplar
DarkTemplar,DarkTemplar
Sentry,Sentry
Phoenix,Phoenix
Carrier,Carrier
VoidRay,VoidRay
WarpPrism,WarpPrism
Observer,Observer
Immortal,Immortal
Probe,Probe
Interceptor,Interceptor
Hatchery,Hatchery
CreepTumor,CreepTumor
Extractor,Extractor
SpawningPool,SpawningPool
EvolutionChamber,EvolutionChamber
HydraliskDen,HydraliskDen
Spire,Spire
UltraliskCavern,UltraliskCavern
InfestationPit,InfestationPit
NydusNetwork,NydusNetwork
BanelingNest,BanelingNest
RoachWarren,RoachWarren
SpineCrawler,SpineCrawler
SporeCrawler,SporeCrawler
Lair,Lair
Hive,Hive
GreaterSpire,GreaterSpire
Egg,Egg
Drone,Drone
Zergling,Zergling
Overlord,Overlord
Hydralisk,Hydralisk
Mutalisk,Mutalisk
Ultralisk,Ultralisk
Roach,Roach
Infestor,Infestor
Corruptor,Corruptor
BroodLordCocoon,BroodLordCocoon
BroodLord,BroodLord
BanelingBurrowed,BanelingBurrowed
DroneBurrowed,DroneBurrowed
HydraliskBurrowed,HydraliskBurrowed
RoachBurrowed,RoachBurrowed
ZerglingBurrowed,ZerglingBurrowed
InfestorTerranBurrowed,InfestedTerranBurrowed
RedstoneLavaCritterBurrowed,RedstoneLavaCritterBurrowed
RedstoneLavaCritterInjuredBurrowed,RedstoneLavaCritterInjuredBurrowed
RedstoneLavaCritter,RedstoneLavaCritter
RedstoneLavaCritterInjured,RedstoneLavaCritterInjured
QueenBurrowed,QueenBurrowed
Queen,Queen
InfestorBurrowed,InfestorBurrowed
OverlordCocoon,OverseerCocoon
Overseer,Overseer
PlanetaryFortress,PlanetaryFortress
UltraliskBurrowed,UltraliskBurrowed
OrbitalCommand,OrbitalCommand
WarpGate,WarpGate
OrbitalCommandFlying,OrbitalCommandFlying
ForceField,ForceField
WarpPrismPhasing,WarpPrismPhasing
CreepTumorBurrowed,CreepTumorBurrowed
CreepTumorQueen,CreepTumorQueen
SpineCrawlerUprooted,SpineCrawlerUprooted
SporeCrawlerUprooted,SporeCrawlerUprooted
Archon,Archon
NydusCanal,NydusWorm
BroodlingEscort,BroodlingEscort
RichMineralField,RichMineralField
XelNagaTower,XelNagaTower
InfestedTerransEgg,InfestedTerransEgg
Larva,Larva
ReaperPlaceholder,ReaperPlaceholder
NeedleSpinesWeapon,NeedleSpinesWeapon
CorruptionWeapon,CorruptionWeapon
InfestedTerransWeapon,InfestedTerransWeapon
NeuralParasiteWeapon,NeuralParasiteWeapon
PointDefenseDroneReleaseWeapon,PointDefenseDroneReleaseWeapon
HunterSeekerWeapon,HunterSeekerWeapon
MULE,MULE
ThorAAWeapon,ThorAAWeapon
PunisherGrenadesLMWeapon,PunisherGrenadesLMWeapon
VikingFighterWeapon,VikingFighterWeapon
ATALaserBatteryLMWeapon,ATALaserBatteryLMWeapon
ATSLaserBatteryLMWeapon,ATSLaserBatteryLMWeapon
LongboltMissileWeapon,LongboltMissileWeapon
D8ChargeWeapon,D8ChargeWeapon
YamatoWeapon,YamatoWeapon
IonCannonsWeapon,IonCannonsWeapon
AcidSalivaWeapon,AcidSalivaWeapon
SpineCrawlerWeapon,SpineCrawlerWeapon
SporeCrawlerWeapon,SporeCrawlerWeapon
GlaiveWurmWeapon,GlaiveWurmWeapon
GlaiveWurmM2Weapon,GlaiveWurmM2Weapon
GlaiveWurmM3Weapon,GlaiveWurmM3Weapon
StalkerWeapon,StalkerWeapon
EMP2Weapon,EMP2Weapon
BacklashRocketsLMWeapon,BacklashRocketsLMWeapon
PhotonCannonWeapon,PhotonCannonWeapon
ParasiteSporeWeapon,ParasiteSporeWeapon
Broodling,Broodling
BroodLordBWeapon,BroodLordBWeapon
AutoTurretReleaseWeapon,AutoTurretReleaseWeapon
LarvaReleaseMissile,LarvaReleaseMissile
AcidSpinesWeapon,AcidSpinesWeapon
FrenzyWeapon,FrenzyWeapon
ContaminateWeapon,ContaminateWeapon
BroodlingDefault,BroodlingDefault
Critter,Critter
CritterStationary,CritterStationary
Shape,Shape
FungalGrowthMissile,FungalGrowthMissile
NeuralParasiteTentacleMissile,NeuralParasiteTentacleMissile
Beacon_Protoss,Beacon_Protoss
Beacon_ProtossSmall,Beacon_ProtossSmall
Beacon_Terran,Beacon_Terran
Beacon_TerranSmall,Beacon_TerranSmall
Beacon_Zerg,Beacon_Zerg
Beacon_ZergSmall,Beacon_ZergSmall
Lyote,Lyote
CarrionBird,CarrionBird
KarakMale,KarakMale
KarakFemale,KarakFemale
UrsadakMale,UrsadakMale
UrsadakFemale,UrsadakFemale
UrsadakCalf,UrsadakCalf
UrsadakMaleExotic,UrsadakMaleExotic
UrsadakFemaleExotic,UrsadakFemaleExotic
UtilityBot,UtilityBot
CommentatorBot1,CommentatorBot1
CommentatorBot2,CommentatorBot2
CommentatorBot3,CommentatorBot3
CommentatorBot4,CommentatorBot4
Scantipede,Scantipede
Dog,Dog
Sheep,Sheep
Cow,Cow
InfestedTerransEggPlacement,InfestedTerransEggPlacement
InfestorTerransWeapon,InfestorTerransWeapon
MineralField,MineralField
VespeneGeyser,VespeneGeyser
SpacePlatformGeyser,SpacePlatformGeyser
RichVespeneGeyser,RichVespeneGeyser
DestructibleSearchlight,DestructibleSearchlight
DestructibleBullhornLights,DestructibleBullhornLights
DestructibleStreetlight,DestructibleStreetlight
DestructibleSpacePlatformSign,DestructibleSpacePlatformSign
DestructibleStoreFrontCityProps,DestructibleStoreFrontCityProps
DestructibleBillboardTall,DestructibleBillboardTall
DestructibleBillboardScrollingText,DestructibleBillboardScrollingText
DestructibleSpacePlatformBarrier,DestructibleSpacePlatformBarrier
DestructibleSignsDirectional,DestructibleSignsDirectional
DestructibleSignsConstruction,DestructibleSignsConstruction
DestructibleSignsFunny,DestructibleSignsFunny
DestructibleSignsIcons,DestructibleSignsIcons
DestructibleSignsWarning,DestructibleSignsWarning
DestructibleGarage,DestructibleGarage
DestructibleGarageLarge,DestructibleGarageLarge
DestructibleTrafficSignal,DestructibleTrafficSignal
TrafficSignal,TrafficSignal
BraxisAlphaDestructible1x1,BraxisAlphaDestructible1x1
BraxisAlphaDestructible2x2,BraxisAlphaDestructible2x2
DestructibleDebris4x4,DestructibleDebris4x4
DestructibleDebris6x6,DestructibleDebris6x6
DestructibleRock2x4Vertical,DestructibleRock2x4Vertical
DestructibleRock2x4Horizontal,DestructibleRock2x4Horizontal
DestructibleRock2x6Vertical,DestructibleRock2x6Vertical
DestructibleRock2x6Horizontal,DestructibleRock2x6Horizontal
DestructibleRock4x4,DestructibleRock4x4
DestructibleRock6x6,DestructibleRock6x6
DestructibleRampDiagonalHugeULBR,DestructibleRampDiagonalHugeULBR
DestructibleRampDiagonalHugeBLUR,DestructibleRampDiagonalHugeBLUR
DestructibleRampVerticalHuge,DestructibleRampVerticalHuge
DestructibleRampHorizontalHuge,DestructibleRampHorizontalHuge
DestructibleDebrisRampDiagonalHugeULBR,DestructibleDebrisRampDiagonalHugeULBR
DestructibleDebrisRampDiagonalHugeBLUR,DestructibleDebrisRampDiagonalHugeBLUR
MengskStatueAlone,MengskStatueAlone
MengskStatue,MengskStatue
WolfStatue,WolfStatue
GlobeStatue,GlobeStatue
Weapon,Weapon
GlaiveWurmBounceWeapon,GlaiveWurmBounceWeapon
BroodLordWeapon,BroodLordWeapon
BroodLordAWeapon,BroodLordAWeapon
CreepBlocker1x1,CreepBlocker1x1
PathingBlocker1x1,PathingBlocker1x1
PathingBlocker2x2,PathingBlocker2x2
AutoTestAttackTargetGround,AutoTestAttackTargetGround
AutoTestAttackTargetAir,AutoTestAttackTargetAir
AutoTestAttacker,AutoTestAttacker
HelperEmitterSelectionArrow,HelperEmitterSelectionArrow
MultiKillObject,MultiKillObject
ShapeGolfball,ShapeGolfball
ShapeCone,ShapeCone
ShapeCube,ShapeCube
ShapeCylinder,ShapeCylinder
ShapeDodecahedron,ShapeDodecahedron
ShapeIcosahedron,ShapeIcosahedron
ShapeOctahedron,ShapeOctahedron
ShapePyramid,ShapePyramid
ShapeRoundedCube,ShapeRoundedCube
ShapeSphere,ShapeSphere
ShapeTetrahedron,ShapeTetrahedron
ShapeThickTorus,ShapeThickTorus
ShapeThinTorus,ShapeThinTorus
ShapeTorus,ShapeTorus
Shape4PointStar,Shape4PointStar
Shape5PointStar,Shape5PointStar
Shape6PointStar,Shape6PointStar
Shape8PointStar,Shape8PointStar
ShapeArrowPointer,ShapeArrowPointer
ShapeBowl,ShapeBowl
ShapeBox,ShapeBox
ShapeCapsule,ShapeCapsule
ShapeCrescentMoon,ShapeCrescentMoon
ShapeDecahedron,ShapeDecahedron
ShapeDiamond,ShapeDiamond
ShapeFootball,ShapeFootball
ShapeGemstone,ShapeGemstone
ShapeHeart,ShapeHeart
ShapeJack,ShapeJack
ShapePlusSign,ShapePlusSign
ShapeShamrock,ShapeShamrock
ShapeSpade,ShapeSpade
ShapeTube,ShapeTube
ShapeEgg,ShapeEgg
ShapeYenSign,ShapeYenSign
ShapeX,ShapeX
ShapeWatermelon,ShapeWatermelon
ShapeWonSign,ShapeWonSign
ShapeTennisball,ShapeTennisball
ShapeStrawberry,ShapeStrawberry
ShapeSmileyFace,ShapeSmileyFace
ShapeSoccerball,ShapeSoccerball
ShapeRainbow,ShapeRainbow
ShapeSadFace,ShapeSadFace
ShapePoundSign,ShapePoundSign
ShapePear,ShapePear
ShapePineapple,ShapePineapple
ShapeOrange,ShapeOrange
ShapePeanut,ShapePeanut
ShapeO,ShapeO
ShapeLemon,ShapeLemon
ShapeMoneyBag,ShapeMoneyBag
ShapeHorseshoe,ShapeHorseshoe
ShapeHockeyStick,ShapeHockeyStick
ShapeHockeyPuck,ShapeHockeyPuck
ShapeHand,ShapeHand
ShapeGolfClub,ShapeGolfClub
ShapeGrape,ShapeGrape
ShapeEuroSign,ShapeEuroSign
ShapeDollarSign,ShapeDollarSign
ShapeBasketball,ShapeBasketball
ShapeCarrot,ShapeCarrot
ShapeCherry,ShapeCherry
ShapeBaseball,ShapeBaseball
ShapeBaseballBat,ShapeBaseballBat
ShapeBanana,ShapeBanana
ShapeApple,ShapeApple
ShapeCashLarge,ShapeCashLarge
ShapeCashMedium,ShapeCashMedium
ShapeCashSmall,ShapeCashSmall
ShapeFootballColored,ShapeFootballColored
ShapeLemonSmall,ShapeLemonSmall
ShapeOrangeSmall,ShapeOrangeSmall
ShapeTreasureChestOpen,ShapeTreasureChestOpen
ShapeTreasureChestClosed,ShapeTreasureChestClosed
ShapeWatermelonSmall,ShapeWatermelonSmall
MothershipCore,MothershipCore
LocustMP,Locust
CollapsibleRockTowerDebris,CollapsibleRockTowerDebris
HellionTank,BattleHellion
NydusCanalAttacker,NydusCanalAttacker
NydusCanalCreeper,NydusCanalCreeper
SwarmHostBurrowedMP,SwarmHostBurrowed
SwarmHostMP,SwarmHost
Oracle,Oracle
Tempest,Tempest
WarHound,WarHound
WidowMine,WidowMine
Viper,Viper
WidowMineBurrowed,WidowMineBurrowed
ExtendingBridgeNEWide8Out,ExtendingBridgeNEWide8Out
ExtendingBridgeNEWide8,ExtendingBridgeNEWide8
ExtendingBridgeNWWide8Out,ExtendingBridgeNWWide8Out
ExtendingBridgeNWWide8,ExtendingBridgeNWWide8
ExtendingBridgeNEWide10Out,ExtendingBridgeNEWide10Out
ExtendingBridgeNEWide10,ExtendingBridgeNEWide10
ExtendingBridgeNWWide10Out,ExtendingBridgeNWWide10Out
ExtendingBridgeNWWide10,ExtendingBridgeNWWide10
ExtendingBridgeNEWide12Out,ExtendingBridgeNEWide12Out
ExtendingBridgeNEWide12,ExtendingBridgeNEWide12
ExtendingBridgeNWWide12Out,ExtendingBridgeNWWide12Out
ExtendingBridgeNWWide12,ExtendingBridgeNWWide12
CollapsibleRockTowerPushUnit,CollapsibleRockTowerPushUnit
CollapsibleTerranTowerPushUnit,CollapsibleTerranTowerPushUnit
CollapsibleTerranTowerDebris,CollapsibleTerranTowerDebris
DigesterCreepSprayTargetUnit,DigesterCreepSprayTargetUnit
DigesterCreepSprayUnit,DigesterCreepSprayUnit
NydusCanalAttackerWeapon,NydusCanalAttackerWeapon
ViperConsumeStructureWeapon,ViperConsumeStructureWeapon
ResourceBlocker,ResourceBlocker
TempestWeapon,TempestWeapon
YoinkMissile,AbductMissile
WarHoundWeapon,WarHoundWeapon
EyeStalkWeapon,EyeStalkWeapon
WidowMineWeapon,WidowMineWeapon
WidowMineAirWeapon,WidowMineAirWeapon
MothershipCoreWeaponWeapon,MothershipCoreWeaponWeapon
TornadoMissileWeapon,TornadoMissileWeapon
TornadoMissileDummyWeapon,TornadoMissileDummyWeapon
TalonsMissileWeapon,TalonsMissileWeapon
CreepTumorMissile,CreepTumorMissile
LocustMPEggAMissileWeapon,LocustMPEggAMissileWeapon
LocustMPEggBMissileWeapon,LocustMPEggBMissileWeapon
LocustMPWeapon,LocustMPWeapon
ExtendingBridge,ExtendingBridge
PhysicsPrimitiveParent,PhysicsPrimitiveParent
IceProtossCrates,IceProtossCrates
ProtossCrates,ProtossCrates
TowerMine,TowerMine
PickupPalletGas,PickupPalletGas
PickupPalletMinerals,PickupPalletMinerals
PickupScrapSalvage1x1,PickupScrapSalvage1x1
PickupScrapSalvage2x2,PickupScrapSalvage2x2
PickupScrapSalvage3x3,PickupScrapSalvage3x3
RoughTerrain,RoughTerrain
UnbuildableBricksSmallUnit,UnbuildableBricksSmallUnit
UnbuildablePlatesSmallUnit,UnbuildablePlatesSmallUnit
UnbuildablePlatesUnit,UnbuildablePlatesUnit
UnbuildableRocksSmallUnit,UnbuildableRocksSmallUnit
XelNagaHealingShrine,XelNagaHealingShrine
InvisibleTargetDummy,InvisibleTargetDummy
CollapsibleRockTowerDoubleWide,CollapsibleRockTowerDoubleWide
CollapsibleRockTower,CollapsibleRockTower
CollapsibleRockTowerDiagonal,CollapsibleRockTowerDiagonal
CollapsibleTerranTower,CollapsibleTerranTower
CollapsibleTerranTowerDiagonal,CollapsibleTerranTowerDiagonal
ZerglingFly,ZerglingFly
ThornLizard,ThornLizard
CleaningBot,CleaningBot
DestructibleRock6x6Weak,DestructibleRock6x6Weak
ProtossSnakeSegmentDemo,ProtossSnakeSegmentDemo
PhysicsPrimitives,PhysicsPrimitives
PhysicsCube,PhysicsCube
PhysicsSphere,PhysicsSphere
PhysicsCylinder,PhysicsCylinder
PhysicsCapsule,PhysicsCapsule
PhysicsStar,PhysicsStar
PhysicsKnot,PhysicsKnot
PhysicsL,PhysicsL
CreepBlocker4x4,CreepBlocker4x4
DestructibleCityDebris2x4Vertical,DestructibleCityDebris2x4Vertical
DestructibleCityDebris2x4Horizontal,DestructibleCityDebris2x4Horizontal
DestructibleCityDebris2x6Vertical,DestructibleCityDebris2x6Vertical
DestructibleCityDebris2x6Horizontal,DestructibleCityDebris2x6Horizontal
DestructibleCityDebris4x4,DestructibleCityDebris4x4
DestructibleCityDebris6x6,DestructibleCityDebris6x6
DestructibleCityDebrisHugeDiagonalBLUR,DestructibleCityDebrisHugeDiagonalBLUR
DestructibleCityDebrisHugeDiagonalULBR,DestructibleCityDebrisHugeDiagonalULBR
TestZerg,TestZerg
PathingBlockerRadius1,PathingBlockerRadius1
DestructibleRockEx12x4Vertical,DestructibleRockEx12x4Vertical
DestructibleRockEx12x4Horizontal,DestructibleRockEx12x4Horizontal
DestructibleRockEx12x6Vertical,DestructibleRockEx12x6Vertical
DestructibleRockEx12x6Horizontal,DestructibleRockEx12x6Horizontal
DestructibleRockEx14x4,DestructibleRockEx14x4
DestructibleRockEx16x6,DestructibleRockEx16x6
DestructibleRockEx1DiagonalHugeULBR,DestructibleRockEx1DiagonalHugeULBR
DestructibleRockEx1DiagonalHugeBLUR,DestructibleRockEx1DiagonalHugeBLUR
DestructibleRockEx1VerticalHuge,DestructibleRockEx1VerticalHuge
DestructibleRockEx1HorizontalHuge,DestructibleRockEx1HorizontalHuge
DestructibleIce2x4Vertical,DestructibleIce2x4Vertical
DestructibleIce2x4Horizontal,DestructibleIce2x4Horizontal
DestructibleIce2x6Vertical,DestructibleIce2x6Vertical
DestructibleIce2x6Horizontal,DestructibleIce2x6Horizontal
DestructibleIce4x4,DestructibleIce4x4
DestructibleIce6x6,DestructibleIce6x6
DestructibleIceDiagonalHugeULBR,DestructibleIceDiagonalHugeULBR
DestructibleIceDiagonalHugeBLUR,DestructibleIceDiagonalHugeBLUR
DestructibleIceVerticalHuge,DestructibleIceVerticalHuge
DestructibleIceHorizontalHuge,DestructibleIceHorizontalHuge
DesertPlanetSearchlight,DesertPlanetSearchlight
DesertPlanetStreetlight,DesertPlanetStreetlight
UnbuildableBricksUnit,UnbuildableBricksUnit
UnbuildableRocksUnit,UnbuildableRocksUnit
Artosilope,Artosilope
Anteplott,Anteplott
LabBot,LabBot
Crabeetle,Crabeetle
BeaconQQQ,BeaconQQQ
BeaconArmy,BeaconArmy
LurkerMPEgg,LurkerEgg
LurkerMP,Lurker
LurkerMPBurrowed,LurkerBurrowed
LurkerDenMP,LurkerDen
CollapsibleRockTowerDebrisRampRight,CollapsibleRockTowerDebrisRampRight
CollapsibleRockTowerDebrisRampLeft,CollapsibleRockTowerDebrisRampLeft
CollapsibleRockTowerPushUnitRampRight,CollapsibleRockTowerPushUnitRampRight
CollapsibleRockTowerPushUnitRampLeft,CollapsibleRockTowerPushUnitRampLeft
YoinkVikingAirMissile,AbductVikingAirMissile
YoinkVikingGroundMissile,YoinkVikingGroundMissile
RepulsorCannonWeapon,RepulsorCannonWeapon
ZerusDestructibleArch,ZerusDestructibleArch
CollapsibleRockTowerRampRight,CollapsibleRockTowerRampRight
CollapsibleRockTowerRampLeft,CollapsibleRockTowerRampLeft
UnbuildableRocksDestructible,UnbuildableRocksDestructible
UnbuildableBricksDestructible,UnbuildableBricksDestructible
UnbuildablePlatesDestructible,UnbuildablePlatesDestructible
DebrisRampLeft,DebrisRampLeft
DebrisRampRight,DebrisRampRight
CollapsibleTerranTowerPushUnitRampLeft,CollapsibleTerranTowerPushUnitRampLeft
CollapsibleTerranTowerPushUnitRampRight,CollapsibleTerranTowerPushUnitRampRight
CollapsibleTerranTowerRampLeft,CollapsibleTerranTowerRampLeft
CollapsibleTerranTowerRampRight,CollapsibleTerranTowerRampRight
LabMineralField,LabMineralField
ThorAALance,ThorAALance
OracleWeapon,OracleWeapon
TempestWeaponGround,TempestWeaponGround
SeekerMissile,SeekerMissile
ProtossVespeneGeyser,ProtossVespeneGeyser
Cyclone,Cyclone
Rocks2x2NonConjoined,Rocks2x2NonConjoined
OverlordGenerateCreepKeybind,OverlordGenerateCreepKeybind
Debris2x2NonConjoined,Debris2x2NonConjoined
EnemyPathingBlocker1x1,EnemyPathingBlocker1x1
EnemyPathingBlocker2x2,EnemyPathingBlocker2x2
EnemyPathingBlocker4x4,EnemyPathingBlocker4x4
EnemyPathingBlocker8x8,EnemyPathingBlocker8x8
EnemyPathingBlocker16x16,EnemyPathingBlocker16x16
ScopeTest,ScopeTest
XelNaga_Caverns_DoorE,XelNaga_Caverns_DoorE
XelNaga_Caverns_DoorEOpened,XelNaga_Caverns_DoorEOpened
XelNaga_Caverns_DoorN,XelNaga_Caverns_DoorN
XelNaga_Caverns_DoorNE,XelNaga_Caverns_DoorNE
XelNaga_Caverns_DoorNEOpened,XelNaga_Caverns_DoorNEOpened
XelNaga_Caverns_DoorNOpened,XelNaga_Caverns_DoorNOpened
XelNaga_Caverns_DoorNW,XelNaga_Caverns_DoorNW
XelNaga_Caverns_DoorNWOpened,XelNaga_Caverns_DoorNWOpened
XelNaga_Caverns_DoorS,XelNaga_Caverns_DoorS
XelNaga_Caverns_DoorSE,XelNaga_Caverns_DoorSE
XelNaga_Caverns_DoorSEOpened,XelNaga_Caverns_DoorSEOpened
XelNaga_Caverns_DoorSOpened,XelNaga_Caverns_DoorSOpened
XelNaga_Caverns_DoorSW,XelNaga_Caverns_DoorSW
XelNaga_Caverns_DoorSWOpened,XelNaga_Caverns_DoorSWOpened
XelNaga_Caverns_DoorW,XelNaga_Caverns_DoorW
XelNaga_Caverns_DoorWOpened,XelNaga_Caverns_DoorWOpened
XelNaga_Caverns_Floating_BridgeNE8Out,XelNaga_Caverns_Floating_BridgeNE8Out
XelNaga_Caverns_Floating_BridgeNE8,XelNaga_Caverns_Floating_BridgeNE8
XelNaga_Caverns_Floating_BridgeNW8Out,XelNaga_Caverns_Floating_BridgeNW8Out
XelNaga_Caverns_Floating_BridgeNW8,XelNaga_Caverns_Floating_BridgeNW8
XelNaga_Caverns_Floating_BridgeNE10Out,XelNaga_Caverns_Floating_BridgeNE10Out
XelNaga_Caverns_Floating_BridgeNE10,XelNaga_Caverns_Floating_BridgeNE10
XelNaga_Caverns_Floating_BridgeNW10Out,XelNaga_Caverns_Floating_BridgeNW10Out
XelNaga_Caverns_Floating_BridgeNW10,XelNaga_Caverns_Floating_BridgeNW10
XelNaga_Caverns_Floating_BridgeNE12Out,XelNaga_Caverns_Floating_BridgeNE12Out
XelNaga_Caverns_Floating_BridgeNE12,XelNaga_Caverns_Floating_BridgeNE12
XelNaga_Caverns_Floating_BridgeNW12Out,XelNaga_Caverns_Floating_BridgeNW12Out
XelNaga_Caverns_Floating_BridgeNW12,XelNaga_Caverns_Floating_BridgeNW12
XelNaga_Caverns_Floating_BridgeH8Out,XelNaga_Caverns_Floating_BridgeH8Out
XelNaga_Caverns_Floating_BridgeH8,XelNaga_Caverns_Floating_BridgeH8
XelNaga_Caverns_Floating_BridgeV8Out,XelNaga_Caverns_Floating_BridgeV8Out
XelNaga_Caverns_Floating_BridgeV8,XelNaga_Caverns_Floating_BridgeV8
XelNaga_Caverns_Floating_BridgeH10Out,XelNaga_Caverns_Floating_BridgeH10Out
XelNaga_Caverns_Floating_BridgeH10,XelNaga_Caverns_Floating_BridgeH10
XelNaga_Caverns_Floating_BridgeV10Out,XelNaga_Caverns_Floating_BridgeV10Out
XelNaga_Caverns_Floating_BridgeV10,XelNaga_Caverns_Floating_BridgeV10
XelNaga_Caverns_Floating_BridgeH12Out,XelNaga_Caverns_Floating_BridgeH12Out
XelNaga_Caverns_Floating_BridgeH12,XelNaga_Caverns_Floating_BridgeH12
XelNaga_Caverns_Floating_BridgeV12Out,XelNaga_Caverns_Floating_BridgeV12Out
XelNaga_Caverns_Floating_BridgeV12,XelNaga_Caverns_Floating_BridgeV12
YoinkSiegeTankMissile,YoinkSiegeTankMissile
XelNaga_Caverns_Door,XelNaga_Caverns_Door
Ice2x2NonConjoined,Ice2x2NonConjoined
RavagerCocoon,RavagerCocoon
Ravager,Ravager
RavagerBurrowed,RavagerBurrowed
ThorAP,ThorAP
LocustMPFlying,LocustMPFlying
Disruptor,Disruptor
Adept,Adept
AiurTempleBridgeNE8Out,AiurTempleBridgeNE8Out
AiurTempleBridgeNE10Out,AiurTempleBridgeNE10Out
AiurTempleBridgeNE12Out,AiurTempleBridgeNE12Out
AiurTempleBridgeNW8Out,AiurTempleBridgeNW8Out
AiurTempleBridgeNW10Out,AiurTempleBridgeNW10Out
AiurTempleBridgeNW12Out,AiurTempleBridgeNW12Out
VoidMPImmortalReviveCorpse,VoidMPImmortalReviveCorpse
GuardianCocoonMP,GuardianCocoonMP
GuardianMP,GuardianMP
DevourerCocoonMP,DevourerCocoonMP
DevourerMP,DevourerMP
DefilerMPBurrowed,DefilerMPBurrowed
DefilerMP,DefilerMP
OracleStasisTrap,OracleStasisTrap
DisruptorPhased,DisruptorPhased
LiberatorAG,LiberatorAG
Liberator,Liberator
LocustMPPrecursor,LocustMPPrecursor
ReleaseInterceptorsBeacon,ReleaseInterceptorsBeacon
AdeptPhaseShift,AdeptPhaseShift
RavagerCorrosiveBileMissile,RavagerCorrosiveBileMissile
HydraliskImpaleMissile,HydraliskImpaleMissile
CycloneMissile,CycloneMissile
RavagerWeaponMissile,RavagerWeaponMissile
ScoutMPAirWeaponLeft,ScoutMPAirWeaponLeft
ScoutMPAirWeaponRight,ScoutMPAirWeaponRight
ArbiterMPWeaponMissile,ArbiterMPWeaponMissile
GuardianMPWeapon,GuardianMPWeapon
DevourerMPWeaponMissile,DevourerMPWeaponMissile
QueenMPEnsnareMissile,QueenMPEnsnareMissile
QueenMPSpawnBroodlingsMissile,QueenMPSpawnBroodlingsMissile
LightningBombWeapon,LightningBombWeapon
HERCPlacement,HERCPlacement
GrappleWeapon,GrappleWeapon
CausticSprayMissile,CausticSprayMissile
ParasiticBombMissile,ParasiticBombMissile
ParasiticBombDummy,ParasiticBombDummy
AdeptWeapon,AdeptWeapon
AdeptUpgradeWeapon,AdeptUpgradeWeapon
LiberatorMissile,LiberatorMissile
LiberatorDamageMissile,LiberatorDamageMissile
LiberatorAGMissile,LiberatorAGMissile
KD8Charge,KD8Charge
KD8ChargeWeapon,KD8ChargeWeapon
XelNagaDestructibleRampBlocker,XelNagaDestructibleRampBlocker
HERC,HERC
FlyoverUnit,FlyoverUnit
ScoutMP,ScoutMP
ScourgeMP,ScourgeMP
QueenMP,QueenMP
XelNagaDestructibleRampBlocker6S,XelNagaDestructibleRampBlocker6S
XelNagaDestructibleRampBlocker6SE,XelNagaDestructibleRampBlocker6SE
XelNagaDestructibleRampBlocker6E,XelNagaDestructibleRampBlocker6E
XelNagaDestructibleRampBlocker6NE,XelNagaDestructibleRampBlocker6NE
XelNagaDestructibleRampBlocker6N,XelNagaDestructibleRampBlocker6N
XelNagaDestructibleRampBlocker6NW,XelNagaDestructibleRampBlocker6NW
XelNagaDestructibleRampBlocker6W,XelNagaDestructibleRampBlocker6W
XelNagaDestructibleRampBlocker6SW,XelNagaDestructibleRampBlocker6SW
XelNagaDestructibleRampBlocker8S,XelNagaDestructibleRampBlocker8S
XelNagaDestructibleRampBlocker8SE,XelNagaDestructibleRampBlocker8SE
XelNagaDestructibleRampBlocker8E,XelNagaDestructibleRampBlocker8E
XelNagaDestructibleRampBlocker8NE,XelNagaDestructibleRampBlocker8NE
XelNagaDestructibleRampBlocker8N,XelNagaDestructibleRampBlocker8N
XelNagaDestructibleRampBlocker8NW,XelNagaDestructibleRampBlocker8NW
XelNagaDestructibleRampBlocker8W,XelNagaDestructibleRampBlocker8W
XelNagaDestructibleRampBlocker8SW,XelNagaDestructibleRampBlocker8SW
MineralField750,MineralField750
RichMineralField750,RichMineralField750
LabMineralField750,LabMineralField750
TransportOverlordCocoon,TransportOverlordCocoon
OverlordTransport,OverlordTransport
BypassArmorDrone,BypassArmorDrone
CorrosiveParasiteWeapon,CorrosiveParasiteWeapon
GhostAlternate,GhostAlternate
GhostNova,GhostNova
MarineACGluescreenDummy,MarineACGluescreenDummy
FirebatACGluescreenDummy,FirebatACGluescreenDummy
MedicACGluescreenDummy,MedicACGluescreenDummy
MarauderACGluescreenDummy,MarauderACGluescreenDummy
VultureACGluescreenDummy,VultureACGluescreenDummy
SiegeTankACGluescreenDummy,SiegeTankACGluescreenDummy
VikingACGluescreenDummy,VikingACGluescreenDummy
BansheeACGluescreenDummy,BansheeACGluescreenDummy
BattlecruiserACGluescreenDummy,BattlecruiserACGluescreenDummy
OrbitalCommandACGluescreenDummy,OrbitalCommandACGluescreenDummy
BunkerACGluescreenDummy,BunkerACGluescreenDummy
MissileTurretACGluescreenDummy,MissileTurretACGluescreenDummy
HellbatACGluescreenDummy,HellbatACGluescreenDummy
GoliathACGluescreenDummy,GoliathACGluescreenDummy
CycloneACGluescreenDummy,CycloneACGluescreenDummy
WraithACGluescreenDummy,WraithACGluescreenDummy
ScienceVesselACGluescreenDummy,ScienceVesselACGluescreenDummy
HerculesACGluescreenDummy,HerculesACGluescreenDummy
ThorACGluescreenDummy,ThorACGluescreenDummy
PerditionTurretACGluescreenDummy,PerditionTurretACGluescreenDummy
FlamingBettyACGluescreenDummy,FlamingBettyACGluescreenDummy
DevastationTurretACGluescreenDummy,DevastationTurretACGluescreenDummy
BlasterBillyACGluescreenDummy,BlasterBillyACGluescreenDummy
SpinningDizzyACGluescreenDummy,SpinningDizzyACGluescreenDummy
ZerglingKerriganACGluescreenDummy,ZerglingKerriganACGluescreenDummy
RaptorACGluescreenDummy,RaptorACGluescreenDummy
QueenCoopACGluescreenDummy,QueenCoopACGluescreenDummy
HydraliskACGluescreenDummy,HydraliskACGluescreenDummy
HydraliskLurkerACGluescreenDummy,HydraliskLurkerACGluescreenDummy
MutaliskBroodlordACGluescreenDummy,MutaliskBroodlordACGluescreenDummy
BroodLordACGluescreenDummy,BroodLordACGluescreenDummy
UltraliskACGluescreenDummy,UltraliskACGluescreenDummy
TorrasqueACGluescreenDummy,TorrasqueACGluescreenDummy
OverseerACGluescreenDummy,OverseerACGluescreenDummy
LurkerACGluescreenDummy,LurkerACGluescreenDummy
SpineCrawlerACGluescreenDummy,SpineCrawlerACGluescreenDummy
SporeCrawlerACGluescreenDummy,SporeCrawlerACGluescreenDummy
NydusNetworkACGluescreenDummy,NydusNetworkACGluescreenDummy
OmegaNetworkACGluescreenDummy,OmegaNetworkACGluescreenDummy
ZerglingZagaraACGluescreenDummy,ZerglingZagaraACGluescreenDummy
SwarmlingACGluescreenDummy,SwarmlingACGluescreenDummy
BanelingACGluescreenDummy,BanelingACGluescreenDummy
SplitterlingACGluescreenDummy,SplitterlingACGluescreenDummy
AberrationACGluescreenDummy,AberrationACGluescreenDummy
ScourgeACGluescreenDummy,ScourgeACGluescreenDummy
CorruptorACGluescreenDummy,CorruptorACGluescreenDummy
BileLauncherACGluescreenDummy,BileLauncherACGluescreenDummy
SwarmQueenACGluescreenDummy,SwarmQueenACGluescreenDummy
RoachACGluescreenDummy,RoachACGluescreenDummy
RoachVileACGluescreenDummy,RoachVileACGluescreenDummy
RavagerACGluescreenDummy,RavagerACGluescreenDummy
SwarmHostACGluescreenDummy,SwarmHostACGluescreenDummy
MutaliskACGluescreenDummy,MutaliskACGluescreenDummy
GuardianACGluescreenDummy,GuardianACGluescreenDummy
DevourerACGluescreenDummy,DevourerACGluescreenDummy
ViperACGluescreenDummy,ViperACGluescreenDummy
BrutaliskACGluescreenDummy,BrutaliskACGluescreenDummy
LeviathanACGluescreenDummy,LeviathanACGluescreenDummy
ZealotACGluescreenDummy,ZealotACGluescreenDummy
ZealotAiurACGluescreenDummy,ZealotAiurACGluescreenDummy
DragoonACGluescreenDummy,DragoonACGluescreenDummy
HighTemplarACGluescreenDummy,HighTemplarACGluescreenDummy
ArchonACGluescreenDummy,ArchonACGluescreenDummy
ImmortalACGluescreenDummy,ImmortalACGluescreenDummy
ObserverACGluescreenDummy,ObserverACGluescreenDummy
PhoenixAiurACGluescreenDummy,PhoenixAiurACGluescreenDummy
ReaverACGluescreenDummy,ReaverACGluescreenDummy
TempestACGluescreenDummy,TempestACGluescreenDummy
PhotonCannonACGluescreenDummy,PhotonCannonACGluescreenDummy
ZealotVorazunACGluescreenDummy,ZealotVorazunACGluescreenDummy
ZealotShakurasACGluescreenDummy,ZealotShakurasACGluescreenDummy
StalkerShakurasACGluescreenDummy,StalkerShakurasACGluescreenDummy
DarkTemplarShakurasACGluescreenDummy,DarkTemplarShakurasACGluescreenDummy
CorsairACGluescreenDummy,CorsairACGluescreenDummy
VoidRayACGluescreenDummy,VoidRayACGluescreenDummy
VoidRayShakurasACGluescreenDummy,VoidRayShakurasACGluescreenDummy
OracleACGluescreenDummy,OracleACGluescreenDummy
DarkArchonACGluescreenDummy,DarkArchonACGluescreenDummy
DarkPylonACGluescreenDummy,DarkPylonACGluescreenDummy
ZealotPurifierACGluescreenDummy,ZealotPurifierACGluescreenDummy
SentryPurifierACGluescreenDummy,SentryPurifierACGluescreenDummy
ImmortalKaraxACGluescreenDummy,ImmortalKaraxACGluescreenDummy
ColossusACGluescreenDummy,ColossusACGluescreenDummy
ColossusPurifierACGluescreenDummy,ColossusPurifierACGluescreenDummy
PhoenixPurifierACGluescreenDummy,PhoenixPurifierACGluescreenDummy
CarrierACGluescreenDummy,CarrierACGluescreenDummy
CarrierAiurACGluescreenDummy,CarrierAiurACGluescreenDummy
KhaydarinMonolithACGluescreenDummy,KhaydarinMonolithACGluescreenDummy
ShieldBatteryACGluescreenDummy,ShieldBatteryACGluescreenDummy
PermanentCreepBlocker1x1,PermanentCreepBlocker1x1
SentryACGluescreenDummy,SentryACGluescreenDummy
SnowRefinery_Terran_ExtendingBridgeNEShort8Out,SnowRefinery_Terran_ExtendingBridgeNEShort8Out
SnowRefinery_Terran_ExtendingBridgeNEShort8,SnowRefinery_Terran_ExtendingBridgeNEShort8
SnowRefinery_Terran_ExtendingBridgeNWShort8Out,SnowRefinery_Terran_ExtendingBridgeNWShort8Out
SnowRefinery_Terran_ExtendingBridgeNWShort8,SnowRefinery_Terran_ExtendingBridgeNWShort8
Tarsonis_DoorN,Tarsonis_DoorN
Tarsonis_DoorNLowered,Tarsonis_DoorNLowered
Tarsonis_DoorNE,Tarsonis_DoorNE
Tarsonis_DoorNELowered,Tarsonis_DoorNELowered
Tarsonis_DoorE,Tarsonis_DoorE
Tarsonis_DoorELowered,Tarsonis_DoorELowered
Tarsonis_DoorNW,Tarsonis_DoorNW
Tarsonis_DoorNWLowered,Tarsonis_DoorNWLowered
AiurLightBridgeNE8Out,AiurLightBridgeNE8Out
AiurLightBridgeNE8,AiurLightBridgeNE8
AiurLightBridgeNE10Out,AiurLightBridgeNE10Out
AiurLightBridgeNE10,AiurLightBridgeNE10
AiurLightBridgeNE12Out,AiurLightBridgeNE12Out
AiurLightBridgeNE12,AiurLightBridgeNE12
AiurLightBridgeNW8Out,AiurLightBridgeNW8Out
AiurLightBridgeNW8,AiurLightBridgeNW8
AiurLightBridgeNW10Out,AiurLightBridgeNW10Out
AiurLightBridgeNW10,AiurLightBridgeNW10
AiurLightBridgeNW12Out,AiurLightBridgeNW12Out
AiurLightBridgeNW12,AiurLightBridgeNW12
ShakurasLightBridgeNE8Out,ShakurasLightBridgeNE8Out
ShakurasLightBridgeNE8,ShakurasLightBridgeNE8
ShakurasLightBridgeNE10Out,ShakurasLightBridgeNE10Out
ShakurasLightBridgeNE10,ShakurasLightBridgeNE10
ShakurasLightBridgeNE12Out,ShakurasLightBridgeNE12Out
ShakurasLightBridgeNE12,ShakurasLightBridgeNE12
ShakurasLightBridgeNW8Out,ShakurasLightBridgeNW8Out
ShakurasLightBridgeNW8,ShakurasLightBridgeNW8
ShakurasLightBridgeNW10Out,ShakurasLightBridgeNW10Out
ShakurasLightBridgeNW10,ShakurasLightBridgeNW10
ShakurasLightBridgeNW12Out,ShakurasLightBridgeNW12Out
ShakurasLightBridgeNW12,ShakurasLightBridgeNW12
AiurLightBridgeAbandonedNE8Out,AiurLightBridgeAbandonedNE8Out
AiurLightBridgeAbandonedNE8,AiurLightBridgeAbandonedNE8
AiurLightBridgeAbandonedNE10Out,AiurLightBridgeAbandonedNE10Out
AiurLightBridgeAbandonedNE10,AiurLightBridgeAbandonedNE10
AiurLightBridgeAbandonedNE12Out,AiurLightBridgeAbandonedNE12Out
AiurLightBridgeAbandonedNE12,AiurLightBridgeAbandonedNE12
AiurLightBridgeAbandonedNW8Out,AiurLightBridgeAbandonedNW8Out
AiurLightBridgeAbandonedNW8,AiurLightBridgeAbandonedNW8
AiurLightBridgeAbandonedNW10Out,AiurLightBridgeAbandonedNW10Out
AiurLightBridgeAbandonedNW10,AiurLightBridgeAbandonedNW10
AiurLightBridgeAbandonedNW12Out,AiurLightBridgeAbandonedNW12Out
AiurLightBridgeAbandonedNW12,AiurLightBridgeAbandonedNW12
CollapsiblePurifierTowerDebris,CollapsiblePurifierTowerDebris
PurifierRichMineralField,PurifierRichMineralField
PurifierRichMineralField750,PurifierRichMineralField750
CollapsiblePurifierTowerPushUnit,CollapsiblePurifierTowerPushUnit
CycloneMissileLargeAir,CycloneMissileLargeAir
CycloneMissileLarge,CycloneMissileLarge
DefilerMPDarkSwarmWeapon,DefilerMPDarkSwarmWeapon
SlaynElementalGrabWeapon,SlaynElementalGrabWeapon
SlaynElementalGrabAirUnit,SlaynElementalGrabAirUnit
SlaynElementalGrabGroundUnit,SlaynElementalGrabGroundUnit
SlaynElementalWeapon,SlaynElementalWeapon
Moopy,Moopy
Replicant,Replicant
AiurTempleBridgeDestructibleNE8Out,AiurTempleBridgeDestructibleNE8Out
AiurTempleBridgeDestructibleNE10Out,AiurTempleBridgeDestructibleNE10Out
AiurTempleBridgeDestructibleNE12Out,AiurTempleBridgeDestructibleNE12Out
AiurTempleBridgeDestructibleNW8Out,AiurTempleBridgeDestructibleNW8Out
AiurTempleBridgeDestructibleNW10Out,AiurTempleBridgeDestructibleNW10Out
AiurTempleBridgeDestructibleNW12Out,AiurTempleBridgeDestructibleNW12Out
AiurTempleBridgeDestructibleSW8Out,AiurTempleBridgeDestructibleSW8Out
AiurTempleBridgeDestructibleSW10Out,AiurTempleBridgeDestructibleSW10Out
AiurTempleBridgeDestructibleSW12Out,AiurTempleBridgeDestructibleSW12Out
AiurTempleBridgeDestructibleSE8Out,AiurTempleBridgeDestructibleSE8Out
AiurTempleBridgeDestructibleSE10Out,AiurTempleBridgeDestructibleSE10Out
AiurTempleBridgeDestructibleSE12Out,AiurTempleBridgeDestructibleSE12Out
CorsairMP,CorsairMP
ArbiterMP,ArbiterMP
DefilerMPPlagueWeapon,DefilerMPPlagueWeapon
ReptileCrate,ReptileCrate
SlaynSwarmHostSpawnFlyer,SlaynSwarmHostSpawnFlyer
SlaynElemental,SlaynElemental
PurifierVespeneGeyser,PurifierVespeneGeyser
ShakurasVespeneGeyser,ShakurasVespeneGeyser
CollapsiblePurifierTowerDiagonal,CollapsiblePurifierTowerDiagonal
CreepOnlyBlocker4x4,CreepOnlyBlocker4x4
PurifierMineralField,PurifierMineralField
PurifierMineralField750,PurifierMineralField750
Beacon_Nova,Beacon_Nova
Beacon_NovaSmall,Beacon_NovaSmall
Ursadon,Ursadon
Ursula,Ursula
PylonOvercharged,PylonOvercharged
AdeptPiercingWeapon,AdeptPiercingWeapon
BunkerUpgradedACGluescreenDummy,BunkerUpgradedACGluescreenDummy
EliteMarineACGluescreenDummy,EliteMarineACGluescreenDummy
MarauderCommandoACGluescreenDummy,MarauderCommandoACGluescreenDummy
SpecOpsGhostACGluescreenDummy,SpecOpsGhostACGluescreenDummy
HellbatRangerACGluescreenDummy,HellbatRangerACGluescreenDummy
StrikeGoliathACGluescreenDummy,StrikeGoliathACGluescreenDummy
HeavySiegeTankACGluescreenDummy,HeavySiegeTankACGluescreenDummy
RaidLiberatorACGluescreenDummy,RaidLiberatorACGluescreenDummy
RavenTypeIIACGluescreenDummy,RavenTypeIIACGluescreenDummy
CovertBansheeACGluescreenDummy,CovertBansheeACGluescreenDummy
RailgunTurretACGluescreenDummy,RailgunTurretACGluescreenDummy
BlackOpsMissileTurretACGluescreenDummy,BlackOpsMissileTurretACGluescreenDummy
SupplicantACGluescreenDummy,SupplicantACGluescreenDummy
StalkerTaldarimACGluescreenDummy,StalkerTaldarimACGluescreenDummy
SentryTaldarimACGluescreenDummy,SentryTaldarimACGluescreenDummy
HighTemplarTaldarimACGluescreenDummy,HighTemplarTaldarimACGluescreenDummy
ImmortalTaldarimACGluescreenDummy,ImmortalTaldarimACGluescreenDummy
ColossusTaldarimACGluescreenDummy,ColossusTaldarimACGluescreenDummy
WarpPrismTaldarimACGluescreenDummy,WarpPrismTaldarimACGluescreenDummy
PhotonCannonTaldarimACGluescreenDummy,PhotonCannonTaldarimACGluescreenDummy
PortCity_Bridge_UnitNE8Out,PortCity_Bridge_UnitNE8Out
PortCity_Bridge_UnitNE8,PortCity_Bridge_UnitNE8
PortCity_Bridge_UnitSE8Out,PortCity_Bridge_UnitSE8Out
PortCity_Bridge_UnitSE8,PortCity_Bridge_UnitSE8
PortCity_Bridge_UnitNW8Out,PortCity_Bridge_UnitNW8Out
PortCity_Bridge_UnitNW8,PortCity_Bridge_UnitNW8
PortCity_Bridge_UnitSW8Out,PortCity_Bridge_UnitSW8Out
PortCity_Bridge_UnitSW8,PortCity_Bridge_UnitSW8
PortCity_Bridge_UnitNE10Out,PortCity_Bridge_UnitNE10Out
PortCity_Bridge_UnitNE10,PortCity_Bridge_UnitNE10
PortCity_Bridge_UnitSE10Out,PortCity_Bridge_UnitSE10Out
PortCity_Bridge_UnitSE10,PortCity_Bridge_UnitSE10
PortCity_Bridge_UnitNW10Out,PortCity_Bridge_UnitNW10Out
PortCity_Bridge_UnitNW10,PortCity_Bridge_UnitNW10
PortCity_Bridge_UnitSW10Out,PortCity_Bridge_UnitSW10Out
PortCity_Bridge_UnitSW10,PortCity_Bridge_UnitSW10
PortCity_Bridge_UnitNE12Out,PortCity_Bridge_UnitNE12Out
PortCity_Bridge_UnitNE12,PortCity_Bridge_UnitNE12
PortCity_Bridge_UnitSE12Out,PortCity_Bridge_UnitSE12Out
PortCity_Bridge_UnitSE12,PortCity_Bridge_UnitSE12
PortCity_Bridge_UnitNW12Out,PortCity_Bridge_UnitNW12Out
PortCity_Bridge_UnitNW12,PortCity_Bridge_UnitNW12
PortCity_Bridge_UnitSW12Out,PortCity_Bridge_UnitSW12Out
PortCity_Bridge_UnitSW12,PortCity_Bridge_UnitSW12
PortCity_Bridge_UnitN8Out,PortCity_Bridge_UnitN8Out
PortCity_Bridge_UnitN8,PortCity_Bridge_UnitN8
PortCity_Bridge_UnitS8Out,PortCity_Bridge_UnitS8Out
PortCity_Bridge_UnitS8,PortCity_Bridge_UnitS8
PortCity_Bridge_UnitE8Out,PortCity_Bridge_UnitE8Out
PortCity_Bridge_UnitE8,PortCity_Bridge_UnitE8
PortCity_Bridge_UnitW8Out,PortCity_Bridge_UnitW8Out
PortCity_Bridge_UnitW8,PortCity_Bridge_UnitW8
PortCity_Bridge_UnitN10Out,PortCity_Bridge_UnitN10Out
PortCity_Bridge_UnitN10,PortCity_Bridge_UnitN10
PortCity_Bridge_UnitS10Out,PortCity_Bridge_UnitS10Out
PortCity_Bridge_UnitS10,PortCity_Bridge_UnitS10
PortCity_Bridge_UnitE10Out,PortCity_Bridge_UnitE10Out
PortCity_Bridge_UnitE10,PortCity_Bridge_UnitE10
PortCity_Bridge_UnitW10Out,PortCity_Bridge_UnitW10Out
PortCity_Bridge_UnitW10,PortCity_Bridge_UnitW10
PortCity_Bridge_UnitN12Out,PortCity_Bridge_UnitN12Out
PortCity_Bridge_UnitN12,PortCity_Bridge_UnitN12
PortCity_Bridge_UnitS12Out,PortCity_Bridge_UnitS12Out
PortCity_Bridge_UnitS12,PortCity_Bridge_UnitS12
PortCity_Bridge_UnitE12Out,PortCity_Bridge_UnitE12Out
PortCity_Bridge_UnitE12,PortCity_Bridge_UnitE12
PortCity_Bridge_UnitW12Out,PortCity_Bridge_UnitW12Out
PortCity_Bridge_UnitW12,PortCity_Bridge_UnitW12
DestructibleExpeditionGate6x6,DestructibleExpeditionGate6x6
DestructibleZergInfestation3x3,DestructibleZergInfestation3x3
Elsecaro_Colonist_Hut,Elsecaro_Colonist_Hut
CompoundMansion_DoorN,CompoundMansion_DoorN
CompoundMansion_DoorNLowered,CompoundMansion_DoorNLowered
CompoundMansion_DoorNE,CompoundMansion_DoorNE
CompoundMansion_DoorNELowered,CompoundMansion_DoorNELowered
CompoundMansion_DoorE,CompoundMansion_DoorE
CompoundMansion_DoorELowered,CompoundMansion_DoorELowered
CompoundMansion_DoorNW,CompoundMansion_DoorNW
CompoundMansion_DoorNWLowered,CompoundMansion_DoorNWLowered
BattleStationMineralField,BattleStationMineralField
BattleStationMineralField750,BattleStationMineralField750
ImmortalFenixACGluescreenDummy,ImmortalFenixACGluescreenDummy
XelNagaDestructibleBlocker8NE,XelNagaDestructibleBlocker8NE
SILiberatorACGluescreenDummy,SILiberatorACGluescreenDummy
XelNagaDestructibleBlocker6SW,XelNagaDestructibleBlocker6SW
XelNagaDestructibleBlocker8N,XelNagaDestructibleBlocker8N
StukovInfestedCivilianACGluescreenDummy,StukovInfestedCivilianACGluescreenDummy
ObserverFenixACGluescreenDummy,ObserverFenixACGluescreenDummy
XelNagaDestructibleBlocker6NW,XelNagaDestructibleBlocker6NW
XelNagaDestructibleBlocker8S,XelNagaDestructibleBlocker8S
StukovInfestedDiamondbackACGluescreenDummy,StukovInfestedDiamondbackACGluescreenDummy
SentryFenixACGluescreenDummy,SentryFenixACGluescreenDummy
XelNagaDestructibleBlocker8SE,XelNagaDestructibleBlocker8SE
XelNagaDestructibleBlocker6S,XelNagaDestructibleBlocker6S
XelNagaDestructibleBlocker8W,XelNagaDestructibleBlocker8W
StukovBroodQueenACGluescreenDummy,StukovBroodQueenACGluescreenDummy
XelNagaDestructibleBlocker6SE,XelNagaDestructibleBlocker6SE
SnowGlazeStarterMP,SnowGlazeStarterMP
XelNagaDestructibleBlocker6E,XelNagaDestructibleBlocker6E
StukovInfestedMarineACGluescreenDummy,StukovInfestedMarineACGluescreenDummy
XelNagaDestructibleBlocker6NE,XelNagaDestructibleBlocker6NE
StukovInfestedSiegeTankACGluescreenDummy,StukovInfestedSiegeTankACGluescreenDummy
ZealotFenixACGluescreenDummy,ZealotFenixACGluescreenDummy
DisruptorACGluescreenDummy,DisruptorACGluescreenDummy
XelNagaDestructibleBlocker8SW,XelNagaDestructibleBlocker8SW
ScoutACGluescreenDummy,ScoutACGluescreenDummy
XelNagaDestructibleBlocker8E,XelNagaDestructibleBlocker8E
XelNagaDestructibleBlocker6N,XelNagaDestructibleBlocker6N
AdeptFenixACGluescreenDummy,AdeptFenixACGluescreenDummy
StukovInfestedTrooperACGluescreenDummy,StukovInfestedTrooperACGluescreenDummy
CarrierFenixACGluescreenDummy,CarrierFenixACGluescreenDummy
ColossusFenixACGluescreenDummy,ColossusFenixACGluescreenDummy
StukovInfestedMissileTurretACGluescreenDummy,StukovInfestedMissileTurretACGluescreenDummy
XelNagaDestructibleBlocker8NW,XelNagaDestructibleBlocker8NW
PhotonCannonFenixACGluescreenDummy,PhotonCannonFenixACGluescreenDummy
StukovInfestedBunkerACGluescreenDummy,StukovInfestedBunkerACGluescreenDummy
StukovInfestedBansheeACGluescreenDummy,StukovInfestedBansheeACGluescreenDummy
XelNagaDestructibleBlocker6W,XelNagaDestructibleBlocker6W
VikingSkinPreview,VikingSkinPreview
RavenRepairDrone,RavenRepairDrone
PrimalWurmACGluescreenDummy,PrimalWurmACGluescreenDummy
PrimalImpalerACGluescreenDummy,PrimalImpalerACGluescreenDummy
HHWidowMineACGluescreenDummy,HHWidowMineACGluescreenDummy
PrimalUltraliskACGluescreenDummy,PrimalUltraliskACGluescreenDummy
OverseerZagaraACGluescreenDummy,OverseerZagaraACGluescreenDummy
RavenRepairDroneReleaseWeapon,RavenRepairDroneReleaseWeapon
SiegeTankSkinPreview,SiegeTankSkinPreview
CycloneMissileLargeAirAlternative,CycloneMissileLargeAirAlternative
SNARE_PLACEHOLDER,SNARE_PLACEHOLDER
ShieldBattery,ShieldBattery
HighTemplarSkinPreview,HighTemplarSkinPreview
CreeperHostACGluescreenDummy,CreeperHostACGluescreenDummy
OverseerSiegeMode,OverseerSiegeMode
PrimalRoachACGluescreenDummy,PrimalRoachACGluescreenDummy
InfestedAcidSpinesWeapon,InfestedAcidSpinesWeapon
PrimalZerglingACGluescreenDummy,PrimalZerglingACGluescreenDummy
HHReaperACGluescreenDummy,HHReaperACGluescreenDummy
PrimalSwarmHostACGluescreenDummy,PrimalSwarmHostACGluescreenDummy
HHRavenACGluescreenDummy,HHRavenACGluescreenDummy
RavenShredderMissileWeapon,RavenShredderMissileWeapon
PrimalMutaliskACGluescreenDummy,PrimalMutaliskACGluescreenDummy
FireRoachACGluescreenDummy,FireRoachACGluescreenDummy
HHHellionTankACGluescreenDummy,HHHellionTankACGluescreenDummy
HHBomberPlatformACGluescreenDummy,HHBomberPlatformACGluescreenDummy
LiberatorSkinPreview,LiberatorSkinPreview
ObserverSiegeMode,ObserverSiegeMode
PrimalGuardianACGluescreenDummy,PrimalGuardianACGluescreenDummy
HHWraithACGluescreenDummy,HHWraithACGluescreenDummy
HighTemplarWeaponMissile,HighTemplarWeaponMissile
PrimalHydraliskACGluescreenDummy,PrimalHydraliskACGluescreenDummy
QueenZagaraACGluescreenDummy,QueenZagaraACGluescreenDummy
HHVikingACGluescreenDummy,HHVikingACGluescreenDummy
HHBattlecruiserACGluescreenDummy,HHBattlecruiserACGluescreenDummy
RavenScramblerMissile,RavenScramblerMissile
HHMercStarportACGluescreenDummy,HHMercStarportACGluescreenDummy
RavasaurACGluescreenDummy,RavasaurACGluescreenDummy
TyrannozorACGluescreenDummy,TyrannozorACGluescreenDummy
InfestorEnsnareAttackMissile,InfestorEnsnareAttackMissile
HHMissileTurretACGluescreenDummy,HHMissileTurretACGluescreenDummy
WarpPrismSkinPreview,WarpPrismSkinPreview
ZeratulWarpPrismACGluescreenDummy,ZeratulWarpPrismACGluescreenDummy
TychusMedicACGluescreenDummy,TychusMedicACGluescreenDummy
ParasiticBombRelayDummy,ParasiticBombRelayDummy
ZeratulDisruptorACGluescreenDummy,ZeratulDisruptorACGluescreenDummy
ZeratulImmortalACGluescreenDummy,ZeratulImmortalACGluescreenDummy
TychusHERCACGluescreenDummy,TychusHERCACGluescreenDummy
RenegadeMissileTurret,RenegadeMissileTurret
ZeratulDarkTemplarACGluescreenDummy,ZeratulDarkTemplarACGluescreenDummy
TychusFirebatACGluescreenDummy,TychusFirebatACGluescreenDummy
ZeratulObserverACGluescreenDummy,ZeratulObserverACGluescreenDummy
ZeratulSentryACGluescreenDummy,ZeratulSentryACGluescreenDummy
TychusGhostACGluescreenDummy,TychusGhostACGluescreenDummy
TychusWarhoundACGluescreenDummy,TychusWarhoundACGluescreenDummy
TychusMarauderACGluescreenDummy,TychusMarauderACGluescreenDummy
RenegadeLongboltMissileWeapon,RenegadeLongboltMissileWeapon
TychusSpectreACGluescreenDummy,TychusSpectreACGluescreenDummy
TychusSCVAutoTurretACGluescreenDummy,TychusSCVAutoTurretACGluescreenDummy
ZeratulStalkerACGluescreenDummy,ZeratulStalkerACGluescreenDummy
ZeratulPhotonCannonACGluescreenDummy,ZeratulPhotonCannonACGluescreenDummy
Viking,Viking
TychusReaperACGluescreenDummy,TychusReaperACGluescreenDummy
MechaZerglingACGluescreenDummy,MechaZerglingACGluescreenDummy
MechaBanelingACGluescreenDummy,MechaBanelingACGluescreenDummy
MechaHydraliskACGluescreenDummy,MechaHydraliskACGluescreenDummy
MechaInfestorACGluescreenDummy,MechaInfestorACGluescreenDummy
MechaCorruptorACGluescreenDummy,MechaCorruptorACGluescreenDummy
MechaUltraliskACGluescreenDummy,MechaUltraliskACGluescreenDummy
MechaOverseerACGluescreenDummy,MechaOverseerACGluescreenDummy
MechaLurkerACGluescreenDummy,MechaLurkerACGluescreenDummy
MechaBattlecarrierLordACGluescreenDummy,MechaBattlecarrierLordACGluescreenDummy
MechaSpineCrawlerACGluescreenDummy,MechaSpineCrawlerACGluescreenDummy
MechaSporeCrawlerACGluescreenDummy,MechaSporeCrawlerACGluescreenDummy
PreviewBunkerUpgraded,PreviewBunkerUpgraded
AssimilatorRich,AssimilatorRich
ExtractorRich,ExtractorRich
InhibitorZoneSmall,InhibitorZoneSmall
InhibitorZoneMedium,InhibitorZoneMedium
InhibitorZoneLarge,InhibitorZoneLarge
RefineryRich,RefineryRich
MineralField450,MineralField450
MineralFieldOpaque,MineralFieldOpaque
MineralFieldOpaque900,MineralFieldOpaque900
CollapsibleRockTowerDebrisRampLeftGreen,CollapsibleRockTowerDebrisRampLeftGreen
CollapsibleRockTowerDebrisRampRightGreen,CollapsibleRockTowerDebrisRampRightGreen
CollapsibleRockTowerPushUnitRampLeftGreen,CollapsibleRockTowerPushUnitRampLeftGreen
CollapsibleRockTowerPushUnitRampRightGreen,CollapsibleRockTowerPushUnitRampRightGreen
CollapsibleRockTowerRampLeftGreen,CollapsibleRockTowerRampLeftGreen
CollapsibleRockTowerRampRightGreen,CollapsibleRockTowerRampRightGreen
TrooperMengskACGluescreenDummy,TrooperMengskACGluescreenDummy
MedivacMengskACGluescreenDummy,MedivacMengskACGluescreenDummy
BlimpMengskACGluescreenDummy,BlimpMengskACGluescreenDummy
MarauderMengskACGluescreenDummy,MarauderMengskACGluescreenDummy
GhostMengskACGluescreenDummy,GhostMengskACGluescreenDummy
SiegeTankMengskACGluescreenDummy,SiegeTankMengskACGluescreenDummy
ThorMengskACGluescreenDummy,ThorMengskACGluescreenDummy
VikingMengskACGluescreenDummy,VikingMengskACGluescreenDummy
BattlecruiserMengskACGluescreenDummy,BattlecruiserMengskACGluescreenDummy
BunkerDepotMengskACGluescreenDummy,BunkerDepotMengskACGluescreenDummy
MissileTurretMengskACGluescreenDummy,MissileTurretMengskACGluescreenDummy
ArtilleryMengskACGluescreenDummy,ArtilleryMengskACGluescreenDummy
AccelerationZoneSmall,AccelerationZoneSmall
AccelerationZoneMedium,AccelerationZoneMedium
AccelerationZoneLarge,AccelerationZoneLarge
LoadOutSpray@1,LoadOutSpray@1
LoadOutSpray@2,LoadOutSpray@2
LoadOutSpray@3,LoadOutSpray@3
LoadOutSpray@4,LoadOutSpray@4
LoadOutSpray@5,LoadOutSpray@5
LoadOutSpray@6,LoadOutSpray@6
LoadOutSpray@7,LoadOutSpray@7
LoadOutSpray@8,LoadOutSpray@8
LoadOutSpray@9,LoadOutSpray@9
LoadOutSpray@10,LoadOutSpray@10
LoadOutSpray@11,LoadOutSpray@11
LoadOutSpray@12,LoadOutSpray@12
LoadOutSpray@13,LoadOutSpray@13
LoadOutSpray@14,LoadOutSpray@14
AccelerationZoneFlyingSmall,AccelerationZoneFlyingSmall
AccelerationZoneFlyingMedium,AccelerationZoneFlyingMedium
AccelerationZoneFlyingLarge,AccelerationZoneFlyingLarge
InhibitorZoneFlyingSmall,InhibitorZoneFlyingSmall
InhibitorZoneFlyingMedium,InhibitorZoneFlyingMedium
InhibitorZoneFlyingLarge,InhibitorZoneFlyingLarge
